<?xml version="1.0" encoding="utf-8"?>
<manifest xmlns:android="http://schemas.android.com/apk/res/android"
    xmlns:amazon="http://schemas.amazon.com/apk/res/android"
    package="com.spilgames.examples"
    android:versionCode="2"
    android:versionName="1.0" >

    <uses-sdk
        android:minSdkVersion="15"
        android:targetSdkVersion="17" />

    <uses-permission android:name="android.permission.INTERNET" />
    <uses-permission android:name="android.permission.ACCESS_NETWORK_STATE" />
    <uses-permission android:name="android.permission.READ_PHONE_STATE" />
    <uses-permission android:name="android.permission.ACCESS_WIFI_STATE" />
    <uses-permission android:name="android.permission.WAKE_LOCK" />
    <uses-permission android:name="com.amazon.device.messaging.permission.RECEIVE" />
    <uses-permission android:name="com.spilgames.examples.permission.RECEIVE_ADM_MESSAGE" />

    <permission
        android:name="com.spilgames.examples.permission.RECEIVE_ADM_MESSAGE"
        android:protectionLevel="signature" />

    <application
        android:name="com.spilgames.framework.SpilApplication"
        android:allowBackup="true"
        android:icon="@drawable/ic_launcher"
        android:label="@string/app_name"
        android:theme="@style/AppTheme" >
        <amazon:enable-feature
            android:name="com.amazon.device.messaging"
            android:required="false" />

        <activity
            android:name="com.spilgames.examples.ui.MainActivity"
            android:label="@string/app_name" >
            <intent-filter>
                <action android:name="android.intent.action.MAIN" />

                <category android:name="android.intent.category.LAUNCHER" />
            </intent-filter>
        </activity>
        <activity
            android:name="com.spilgames.examples.ui.SecondActivity"
            android:label="@string/title_activity_second" >
        </activity>

        <service
            android:name="com.spilgames.framework.receivers.AmazonReceiver"
            android:exported="false" />

        <receiver
            android:name="com.spilgames.framework.receivers.AmazonReceiver$Receiver"
            android:permission="com.amazon.device.messaging.permission.SEND" >
            <intent-filter>
                <action android:name="com.amazon.device.messaging.intent.REGISTRATION" />
                <action android:name="com.amazon.device.messaging.intent.RECEIVE" />

                <category android:name="com.spilgames.examples" />
            </intent-filter>
        </receiver>
        <!-- <receiver -->
        <!-- android:name="com.fiksu.asotracking.InstallTracking" -->
        <!-- android:exported="true" > -->
        <!-- <intent-filter> -->
        <!-- <action android:name="com.android.vending.INSTALL_REFERRER" /> -->
        <!-- </intent-filter> -->


        <!-- <meta-data -->
        <!-- android:name="forward.1" -->
        <!-- android:value="com.spilgames.framework.core.receivers.SpilInstallReferrerReciever" /> -->
        <!-- </receiver> -->
    </application>

</manifest>